{"cameraMode":{"drawMode":0,"name":"Shaded","section":"Shading Mode"},"sceneLighting":false,"audioPlay":false,"sceneViewState":{"showFog":true,"showMaterialUpdate":false,"showSkybox":true,"showFlares":true,"showImageEffects":true,"showParticleSystems":true},"in2DMode":false,"pivot":{"x":2.6451616287231447,"y":3.493241786956787,"z":68.0753173828125},"rotation":{"x":0.014156238175928593,"y":0.330524206161499,"z":-0.004958234261721373,"w":0.9436783194541931},"size":10.294401168823243,"orthographic":false}