{"cameraMode":{"drawMode":0,"name":"Shaded","section":"Shading Mode"},"sceneLighting":false,"audioPlay":false,"sceneViewState":{"showFog":true,"showMaterialUpdate":false,"showSkybox":true,"showFlares":true,"showImageEffects":true,"showParticleSystems":true},"in2DMode":false,"pivot":{"x":3.5941901206970217,"y":3.781796455383301,"z":71.38060760498047},"rotation":{"x":0.008606758899986744,"y":-0.5727525949478149,"z":-0.006014126352965832,"w":-0.8196610808372498},"size":8.11880874633789,"orthographic":false}