{"cameraMode":{"drawMode":0,"name":"Shaded","section":"Shading Mode"},"sceneLighting":false,"audioPlay":false,"sceneViewState":{"showFog":true,"showMaterialUpdate":false,"showSkybox":true,"showFlares":true,"showImageEffects":true,"showParticleSystems":true},"in2DMode":false,"pivot":{"x":-4.643322467803955,"y":4.163589000701904,"z":0.8186550140380859},"rotation":{"x":0.006205408833920956,"y":-0.7242513298988342,"z":0.006518496200442314,"w":0.6894773840904236},"size":14.078350067138672,"orthographic":true}