{"cameraMode":{"drawMode":0,"name":"Shaded","section":"Shading Mode"},"sceneLighting":true,"audioPlay":false,"sceneViewState":{"showFog":true,"showMaterialUpdate":false,"showSkybox":true,"showFlares":true,"showImageEffects":true,"showParticleSystems":true},"in2DMode":false,"pivot":{"x":-2.2711830139160158,"y":-1.1218981742858887,"z":11.449731826782227},"rotation":{"x":-0.016304250806570054,"y":0.15327037870883943,"z":0.0025291915517300369,"w":0.9880465865135193},"size":208.18052673339845,"orthographic":true}