{"cameraMode":{"drawMode":0,"name":"Shaded","section":"Shading Mode"},"sceneLighting":false,"audioPlay":false,"sceneViewState":{"showFog":true,"showMaterialUpdate":false,"showSkybox":true,"showFlares":true,"showImageEffects":true,"showParticleSystems":true},"in2DMode":false,"pivot":{"x":-1.0574678182601929,"y":5.640080451965332,"z":70.50830841064453},"rotation":{"x":-0.023101041093468667,"y":-0.5172871351242065,"z":0.0139701459556818,"w":-0.8553860187530518},"size":20.44898223876953,"orthographic":false}