{"cameraMode":{"drawMode":0,"name":"Shaded","section":"Shading Mode"},"sceneLighting":false,"audioPlay":false,"sceneViewState":{"showFog":false,"showMaterialUpdate":false,"showSkybox":false,"showFlares":false,"showImageEffects":false,"showParticleSystems":false},"in2DMode":false,"pivot":{"x":0.0455547571182251,"y":0.17405089735984803,"z":-0.08940946310758591},"rotation":{"x":0.08269515633583069,"y":0.682212769985199,"z":-0.07811092585325241,"w":0.7222506403923035},"size":0.6000572443008423,"orthographic":false}