{"cameraMode":{"drawMode":0,"name":"Shaded","section":"Shading Mode"},"sceneLighting":false,"audioPlay":false,"sceneViewState":{"showFog":false,"showMaterialUpdate":false,"showSkybox":false,"showFlares":false,"showImageEffects":false,"showParticleSystems":false},"in2DMode":false,"pivot":{"x":0.549072265625,"y":2.42425537109375,"z":53.1513671875},"rotation":{"x":-0.00016202987171709538,"y":0.9998369812965393,"z":0.01199860405176878,"w":0.013498618267476559},"size":3.2002761363983156,"orthographic":true}