{"cameraMode":{"drawMode":0,"name":"Shaded","section":"Shading Mode"},"sceneLighting":false,"audioPlay":false,"sceneViewState":{"showFog":false,"showMaterialUpdate":false,"showSkybox":false,"showFlares":false,"showImageEffects":false,"showParticleSystems":false},"in2DMode":false,"pivot":{"x":0.6955375671386719,"y":-0.00024890899658203125,"z":0.3112297058105469},"rotation":{"x":0.08269515633583069,"y":0.682212769985199,"z":-0.07811092585325241,"w":0.7222506403923035},"size":7.113954544067383,"orthographic":false}