{"cameraMode":{"drawMode":0,"name":"Shaded","section":"Shading Mode"},"sceneLighting":false,"audioPlay":false,"sceneViewState":{"showFog":false,"showMaterialUpdate":false,"showSkybox":false,"showFlares":false,"showImageEffects":false,"showParticleSystems":false},"in2DMode":false,"pivot":{"x":63.35481262207031,"y":-6.409558296203613,"z":-71.6065902709961},"rotation":{"x":-0.013773663900792599,"y":-0.9294155836105347,"z":0.034869465976953509,"w":-0.3671255111694336},"size":109.98124694824219,"orthographic":false}