{"cameraMode":{"drawMode":0,"name":"Shaded","section":"Shading Mode"},"sceneLighting":false,"audioPlay":false,"sceneViewState":{"showFog":false,"showMaterialUpdate":false,"showSkybox":false,"showFlares":false,"showImageEffects":false,"showParticleSystems":false},"in2DMode":false,"pivot":{"x":12.776657104492188,"y":17.463359832763673,"z":36.022865295410159},"rotation":{"x":-0.011288446374237538,"y":0.9080507755279541,"z":0.024523360654711725,"w":0.41798919439315798},"size":28.388408660888673,"orthographic":false}