{"cameraMode":{"drawMode":0,"name":"Shaded","section":"Shading Mode"},"sceneLighting":false,"audioPlay":false,"sceneViewState":{"showFog":false,"showMaterialUpdate":false,"showSkybox":false,"showFlares":false,"showImageEffects":false,"showParticleSystems":false},"in2DMode":false,"pivot":{"x":1.50341796875,"y":3.24365234375,"z":72.5986328125},"rotation":{"x":-0.005926260259002447,"y":0.15625226497650147,"z":0.000937530945520848,"w":0.9876989722251892},"size":12.123376846313477,"orthographic":true}