{"cameraMode":{"drawMode":0,"name":"Shaded","section":"Shading Mode"},"sceneLighting":false,"audioPlay":false,"sceneViewState":{"showFog":false,"showMaterialUpdate":false,"showSkybox":false,"showFlares":false,"showImageEffects":false,"showParticleSystems":false},"in2DMode":false,"pivot":{"x":-8.145502090454102,"y":1.125,"z":-3.875002145767212},"rotation":{"x":0.13596777617931367,"y":0.7038232684135437,"z":-0.14010927081108094,"w":0.6830189824104309},"size":29.936737060546876,"orthographic":false}