{"cameraMode":{"drawMode":0,"name":"Shaded","section":"Shading Mode"},"sceneLighting":false,"audioPlay":false,"sceneViewState":{"showFog":false,"showMaterialUpdate":false,"showSkybox":false,"showFlares":false,"showImageEffects":false,"showParticleSystems":false},"in2DMode":false,"pivot":{"x":38.31953430175781,"y":-7.492010116577148,"z":65.64668273925781},"rotation":{"x":0.11519922316074372,"y":0.7031314373016357,"z":-0.1170811727643013,"w":0.6918290257453919},"size":76.13666534423828,"orthographic":false}