{"cameraMode":{"drawMode":0,"name":"Shaded","section":"Shading Mode"},"sceneLighting":false,"audioPlay":false,"sceneViewState":{"showFog":false,"showMaterialUpdate":false,"showSkybox":false,"showFlares":false,"showImageEffects":false,"showParticleSystems":false},"in2DMode":false,"pivot":{"x":2.642578125,"y":3.4202880859375,"z":70.2978515625},"rotation":{"x":-0.011794722639024258,"y":-0.18403351306915284,"z":-0.002208512043580413,"w":0.9828467965126038},"size":9.078174591064454,"orthographic":true}