{"cameraMode":{"drawMode":0,"name":"Shaded","section":"Shading Mode"},"sceneLighting":false,"audioPlay":false,"sceneViewState":{"showFog":false,"showMaterialUpdate":false,"showSkybox":false,"showFlares":false,"showImageEffects":false,"showParticleSystems":false},"in2DMode":false,"pivot":{"x":-0.23611164093017579,"y":-1.0369586944580079,"z":-0.08571720123291016},"rotation":{"x":0.08269515633583069,"y":0.682212769985199,"z":-0.07811092585325241,"w":0.7222506403923035},"size":2.471184253692627,"orthographic":false}