{"cameraMode":{"drawMode":0,"name":"Shaded","section":"Shading Mode"},"sceneLighting":false,"audioPlay":false,"sceneViewState":{"showFog":false,"showMaterialUpdate":false,"showSkybox":false,"showFlares":false,"showImageEffects":false,"showParticleSystems":false},"in2DMode":false,"pivot":{"x":0.0,"y":2.5503439903259279,"z":41.47999954223633},"rotation":{"x":0.03345488756895065,"y":0.6935145258903503,"z":-0.032271694391965869,"w":0.7189415693283081},"size":10.239913940429688,"orthographic":false}