{"cameraMode":{"drawMode":0,"name":"Shaded","section":"Shading Mode"},"sceneLighting":false,"audioPlay":false,"sceneViewState":{"showFog":false,"showMaterialUpdate":false,"showSkybox":false,"showFlares":false,"showImageEffects":false,"showParticleSystems":false},"in2DMode":false,"pivot":{"x":0.0444025993347168,"y":5.7098822593688969,"z":0.12686997652053834},"rotation":{"x":0.06747234612703324,"y":0.7070111632347107,"z":-0.06808236241340637,"w":0.7006765007972717},"size":15.483595848083496,"orthographic":false}