{"cameraMode":{"drawMode":0,"name":"Shaded","section":"Shading Mode"},"sceneLighting":false,"audioPlay":false,"sceneViewState":{"showFog":false,"showMaterialUpdate":false,"showSkybox":false,"showFlares":false,"showImageEffects":false,"showParticleSystems":false},"in2DMode":false,"pivot":{"x":0.8091831207275391,"y":1.5901145935058594,"z":23.82117462158203},"rotation":{"x":0.03744964301586151,"y":-0.047051217406988147,"z":0.00176524487324059,"w":0.9981887340545654},"size":5.681161880493164,"orthographic":false}