{"cameraMode":{"drawMode":0,"name":"Shaded","section":"Shading Mode"},"sceneLighting":false,"audioPlay":false,"sceneViewState":{"showFog":false,"showMaterialUpdate":false,"showSkybox":false,"showFlares":false,"showImageEffects":false,"showParticleSystems":false},"in2DMode":false,"pivot":{"x":20.100242614746095,"y":-3.321737289428711,"z":53.07319641113281},"rotation":{"x":0.013461794704198838,"y":-0.07492287456989289,"z":0.0010115132899954916,"w":0.9970979690551758},"size":207.3857421875,"orthographic":false}