{"cameraMode":{"drawMode":0,"name":"Shaded","section":"Shading Mode"},"sceneLighting":false,"audioPlay":false,"sceneViewState":{"showFog":false,"showMaterialUpdate":false,"showSkybox":false,"showFlares":false,"showImageEffects":false,"showParticleSystems":false},"in2DMode":false,"pivot":{"x":0.11122560501098633,"y":3.1334989070892336,"z":69.81639099121094},"rotation":{"x":0.08269515633583069,"y":0.682212769985199,"z":-0.07811092585325241,"w":0.7222506403923035},"size":3.0194036960601808,"orthographic":false}