{"cameraMode":{"drawMode":0,"name":"Shaded","section":"Shading Mode"},"sceneLighting":false,"audioPlay":false,"sceneViewState":{"showFog":false,"showMaterialUpdate":false,"showSkybox":false,"showFlares":false,"showImageEffects":false,"showParticleSystems":false},"in2DMode":false,"pivot":{"x":124.0,"y":3.1763735522036265e-22,"z":603.99951171875},"rotation":{"x":0.020308135077357293,"y":0.9756446480751038,"z":-0.19269947707653047,"w":0.10282083600759506},"size":16830.791015625,"orthographic":false}