{"cameraMode":{"drawMode":0,"name":"Shaded","section":"Shading Mode"},"sceneLighting":false,"audioPlay":false,"sceneViewState":{"showFog":false,"showMaterialUpdate":false,"showSkybox":false,"showFlares":false,"showImageEffects":false,"showParticleSystems":false},"in2DMode":false,"pivot":{"x":-9.128994941711426,"y":-0.9337670803070068,"z":-8.194170951843262},"rotation":{"x":0.13596777617931367,"y":0.7038232684135437,"z":-0.14010927081108094,"w":0.6830189824104309},"size":9.044476509094239,"orthographic":false}