{"cameraMode":{"drawMode":0,"name":"Shaded","section":"Shading Mode"},"sceneLighting":false,"audioPlay":false,"sceneViewState":{"showFog":false,"showMaterialUpdate":false,"showSkybox":false,"showFlares":false,"showImageEffects":false,"showParticleSystems":false},"in2DMode":false,"pivot":{"x":303.3696594238281,"y":-11.694381713867188,"z":-80.28208923339844},"rotation":{"x":-0.18686695396900178,"y":-0.6269533634185791,"z":0.15841875970363618,"w":-0.7395361661911011},"size":937.8056640625,"orthographic":false}