{"cameraMode":{"drawMode":0,"name":"Shaded","section":"Shading Mode"},"sceneLighting":false,"audioPlay":false,"sceneViewState":{"showFog":true,"showMaterialUpdate":true,"showSkybox":true,"showFlares":true,"showImageEffects":true,"showParticleSystems":true},"in2DMode":false,"pivot":{"x":0.8873626589775086,"y":-0.001046902034431696,"z":68.6671371459961},"rotation":{"x":0.13840533792972566,"y":0.43191713094711306,"z":-0.06726711988449097,"w":0.8886882066726685},"size":22.0,"orthographic":false}